No;Course Category;Course Title;Course Topics;Content Type;Title;URL
1;Islamic Fundamental;Tazkiatun Nafs;Doa;Video;Part 1 Intro Materi Doa;https://youtu.be/yaz1WRRU06k
2;Islamic Fundamental;Tazkiatun Nafs;Doa;Video;Part 2 Memaknai Doa;https://youtu.be/StXnmZ5HePA
3;Islamic Fundamental;Tazkiatun Nafs;Doa;Video;Part 3 Waktu Mustajab Dikabulkannya Doa;https://youtu.be/51DXpJ50Z9Y
4;Islamic Fundamental;Tazkiatun Nafs;Doa;Video;Part 4 Adab-adab Berdoa;https://youtu.be/oqk8uTO82rY
5;Islamic Fundamental;Tazkiatun Nafs;Doa;Video;Part 5 Manfaat dan Keutamaan Berdoa;https://youtu.be/0JJ-dkExWMY
6;Islamic Fundamental;Tazkiatun Nafs;Dzikrullah;Video;Part 1 Intro Materi Dzikrullah;https://youtu.be/c4jtB4fM_0c
7;Islamic Fundamental;Tazkiatun Nafs;Dzikrullah;Video;Part 2 Wujud Ketaqwaan;https://youtu.be/It4yce5Dis4
8;Islamic Fundamental;Tazkiatun Nafs;Dzikrullah;Video;Part 3 Makna, Keutmaan dan Hakikat Dzikir;https://youtu.be/57mPsAY7krU
9;Islamic Fundamental;Tazkiatun Nafs;Dzikrullah;Video;Part 4 Manfaat dan Cara Dzikrullah;https://youtu.be/tWiuzaJe6So
10;Islamic Fundamental;Tazkiatun Nafs;Mahabbatullah;Video;"Part 1 Intro Materi Mahabbatullah";https://youtu.be/L8_-ZfGR5T8
11;Islamic Fundamental;Tazkiatun Nafs;Mahabbatullah;Video;Part 2 Kenapa Kita Mesti Mencintai Allah?;https://youtu.be/pvtGy49JG18
12;Islamic Fundamental;Tazkiatun Nafs;Mahabbatullah;Video;Part 3 Mencintai Allah adalah Bagian dari Iman;https://youtu.be/CVZt9iM_GQQ
13;Islamic Fundamental;Tazkiatun Nafs;Mahabbatullah;Video;Part 4 Cinta-Nya Allah ada bersama ketaatan;https://youtu.be/J0pAn94yWQ4
14;Islamic Fundamental;Tazkiatun Nafs;Wirid Qurani;Video;Part 1 Intro Materi Wirid Qurani;https://youtu.be/B3K0VDXaaA4
15;Islamic Fundamental;Tazkiatun Nafs;Wirid Qurani;Video;Part 2 Macam Wirid Quran;https://youtu.be/-r-N6wJEo40
16;Islamic Fundamental;Tazkiatun Nafs;Wirid Qurani;Video;Part 3 Wirid Setelah Sholat;https://youtu.be/0oL7nBG7oXI
17;Islamic Fundamental;Tazkiatun Nafs;Wirid Qurani;Video;Part 4 Kesimpulan;https://youtu.be/c91KVU4Yp80
18;Islamic Fundamental;Tazkiatun Nafs;Pentingnya Membaca Al Quran;Video;Part 1 Intro Materi Pentingnya Membaca Al Quran;https://youtu.be/M4vIsyEY9d4
19;Islamic Fundamental;Tazkiatun Nafs;Pentingnya Membaca Al Quran;Video;Part 2 Dzikir dengan Membaca Al Quran;https://youtu.be/J65RY8bXDSs
20;Islamic Fundamental;Tazkiatun Nafs;Pentingnya Membaca Al Quran;Video;Part 3 Anggapan Sebagian Orang;https://youtu.be/-vOhBa4eKz4
21;Islamic Fundamental;Tazkiatun Nafs;Pentingnya Membaca Al Quran;Video;Part 4 Keutamaan Membaca Al Quran;https://youtu.be/XZnNdsNhImM
22;Islamic Fundamental;Tazkiatun Nafs;Pentingnya Membaca Al Quran;Video;Part 5 Etika Membaca Al Quran;https://youtu.be/puGJ4Dhdq8o
23;Islamic Fundamental;Aqidah;Beriman Kepada Wujud Allah;Video;Part 1 Intro Beriman Kepada Wujud Allah;https://youtu.be/b7vpffPKA30
24;Islamic Fundamental;Aqidah;Beriman Kepada Wujud Allah;Video;Part 2 The Nature of Human Beings;https://youtu.be/AkrGZyD3NIo
25;Islamic Fundamental;Aqidah;Beriman Kepada Wujud Allah;Video;Part 3 Pondasi Dasar Keimanan;https://youtu.be/Yvc2emFHyrM
26;Islamic Fundamental;Aqidah;Beriman Kepada Wujud Allah;Video;Part 4 Tanda Kekuasaan Allah;https://youtu.be/BEVWyO-jtJU
27;Islamic Fundamental;Aqidah;Beriman Kepada Wujud Allah;Video;Part 5 Bukti Keberadaan Allah - Dalil Fitri;https://youtu.be/mA6AQq_V1Bw
28;Islamic Fundamental;Aqidah;Beriman Kepada Wujud Allah;Video;Part 6 Bukti Keberadaan Allah - Dalil Kauniy Bagian 1;https://youtu.be/ukPvjaddLa0
29;Islamic Fundamental;Aqidah;Beriman Kepada Wujud Allah;Video;Part 7 Bukti Keberadaan Allah - Dalil Kauniy Bagian 2;https://youtu.be/a5j6WHU47aM
30;Islamic Fundamental;Aqidah;Beriman Kepada Wujud Allah;Video;Part 8 Dalil Wahyu, Doa, dan Sejarah;https://youtu.be/QS9xCf-tGHI
31;Islamic Fundamental;Aqidah;Makna Syahadat;Video;Part 1 Intro Makna Syahadat;https://youtu.be/SRJbgf7HkeY
32;Islamic Fundamental;Aqidah;Makna Syahadat;Video;Part 2 Saksi dan Kesaksian;https://youtu.be/PDDmHDyxSTY
33;Islamic Fundamental;Aqidah;Makna Syahadat;Video;Part 3 Makna Syahadat - Ikrar/Pernyataan;https://youtu.be/B8VqgQm7-S8
34;Islamic Fundamental;Aqidah;Makna Syahadat;Video;Part 4 Makna Syahadat - Janji & Sumpah;https://youtu.be/uoBtJjOIRvI
35;Islamic Fundamental;Aqidah;Makna Syahadat;Video;Part 5 Dampak Keimanan;https://youtu.be/0sGXUHGdTP8
36;Islamic Fundamental;Aqidah;Makna Syahadat;Video;Part 6 Merawat Keimanan dengan Istiqomah;https://youtu.be/U5RGXhnMPhA
37;Islamic Fundamental;Aqidah;Pentingnya Dua Kalimat Syahadat;Video;Part 1 Intro Pentingnya Dua Kalimat Syahadat;https://youtu.be/Yn9t1l8iuz0
38;Islamic Fundamental;Aqidah;Pentingnya Dua Kalimat Syahadat;Video;Part 2 Urgensi Syahadat - Pintu Gerbang Berislam;https://youtu.be/HdnYaCG-L70
39;Islamic Fundamental;Aqidah;Pentingnya Dua Kalimat Syahadat;Video;Part 3 Urgensi Syahadat - Inti Ajaran Islam;https://youtu.be/6d0IbK8Z-zw
40;Islamic Fundamental;Aqidah;Pentingnya Dua Kalimat Syahadat;Video;Part 4 Urgensi Syahadat - Asas Perubahan & Hakikat Dakwah Rasul;https://youtu.be/2KSdRMLpGNo
41;Islamic Fundamental;Aqidah;Pentingnya Dua Kalimat Syahadat;Video;Part 5 Urgensi Syahadat - Keutamaan yang Besar;https://youtu.be/XFTqCZTFrgw
42;Islamic Fundamental;Aqidah;Syarat diterimanya Syahadatain;Video;Part 1 Intro Syarat Diterimanya Syahadatain;https://youtu.be/v3T1iRyUsrc
43;Islamic Fundamental;Aqidah;Syarat diterimanya Syahadatain;Video;Part 2 Ilmu yang Menolak Kebodohan;https://youtu.be/z31ff2q37Q0
44;Islamic Fundamental;Aqidah;Syarat diterimanya Syahadatain;Video;Part 3 Keyakinan yang Menolak Keraguan;https://youtu.be/_wxbgAfucKk
45;Islamic Fundamental;Aqidah;Syarat diterimanya Syahadatain;Video;Part 4 Keikhlasan yang Menolak Kemusyrikan dan Riya;https://youtu.be/974L4mxOZOU
46;Islamic Fundamental;Aqidah;Syarat diterimanya Syahadatain;Video;Part 5 Kejujuran yang Menolak Kedustaan;https://youtu.be/2P2IBKq8lP8
47;Islamic Fundamental;Aqidah;Syarat diterimanya Syahadatain;Video;Part 6 Cinta yang Menolak Kebencian;https://youtu.be/rByPA7XqnQw
48;Islamic Fundamental;Aqidah;Syarat diterimanya Syahadatain;Video;Part 7 Ketundukan yang Meniadakan untuk Meninggalkan;https://youtu.be/zzQN95PNAIo
49;Islamic Fundamental;Aqidah;Syarat diterimanya Syahadatain;Video;Part 8 Tidak Terpenuhinya Syahadatain & Kesimpulan;https://youtu.be/VVF53Ei_6EA
50;Islamic Fundamental;Aqidah;Muqaddimah Aqidah Islamiyah;Video;Part 1 Muqaddimah Aqidah Islamiyah;https://youtu.be/Oa5Wg5sPlZw
51;Islamic Fundamental;Aqidah;Muqaddimah Aqidah Islamiyah;Video;Part 2 Makna Aqidah;https://youtu.be/DU-MKcay0Lo
52;Islamic Fundamental;Aqidah;Muqaddimah Aqidah Islamiyah;Video;Part 3 Mengenal Ilmu Aqidah;https://youtu.be/cyjc7Ns6ufU
53;Islamic Fundamental;Aqidah;Muqaddimah Aqidah Islamiyah;Video;Part 4 Metodologi Al Quran dalam Menyajikan Permasalahan Aqidah;https://youtu.be/BobPEpxMlbM
54;Islamic Fundamental;Aqidah;Muqaddimah Aqidah Islamiyah;Video;Part 5 Kebutuhan Manusia Menurut Aqidah;https://youtu.be/C6_uPF0Ya8Y
55;Islamic Fundamental;Aqidah;Muqaddimah Aqidah Islamiyah;Video;Part 6 Aqidah Ahlussunnah Waljamaah;https://youtu.be/Kf0Aw1PJQmo
56;Islamic Fundamental;Aqidah;Muqaddimah Aqidah Islamiyah;Video;Part 7 Sifat Allah;https://youtu.be/yl_K-F0tYIw
57;Islamic Fundamental;Aqidah;Pentingnya Aqidah dalam Membangun Masyarakat;Video;Part 1 Intro Aqidah;https://youtu.be/CMX6XKAb-uY
58;Islamic Fundamental;Aqidah;Pentingnya Aqidah dalam Membangun Masyarakat;Video;Part 2 Aqidah sebagai Pengikat, Pengubah Keyakinan, Pengubah Pikiran;https://youtu.be/EjvDQDl5J2I
59;Islamic Fundamental;Aqidah;Pentingnya Aqidah dalam Membangun Masyarakat;Video;Part 3 Pengubah Perasaan, Tekad Baja;https://www.youtube.com/watch?v=XJI2fF1Zpqw
60;Islamic Fundamental;Aqidah;Pentingnya Aqidah dalam Membangun Masyarakat;Video;Part 4 Pengubah Tampilan, Pengubah Perilaku, & Pribadi Tangguh;https://youtu.be/pqekS0tDWRg
61;Islamic Fundamental;Aqidah;Pentingnya Mengenal Allah;Video;Part 1 Intro Pentingnya Mengenal Allah;https://youtu.be/t5OgTFYhhhY
62;Islamic Fundamental;Aqidah;Pentingnya Mengenal Allah;Video;Part 2 Manfaat Mengenal Allah;https://youtu.be/_XPTmt9PXQY
63;Islamic Fundamental;Aqidah;Pentingnya Mengenal Allah;Video;Part 3 Dari Mana Kita Berasal?;https://youtu.be/W4ZX_b-XDpI
64;Islamic Fundamental;Aqidah;Pentingnya Mengenal Allah;Video;Part 4 Untuk Apa Kita Hidup?;https://youtu.be/Cs7KwNjCvek
65;Islamic Fundamental;Aqidah;Pentingnya Mengenal Allah;Video;Part 5 Dalil dan Argumentasi yang Kuat;https://youtu.be/_S-A0BJ2F20
66;Islamic Fundamental;Aqidah;Pentingnya Mengenal Allah;Video;Part 6 Keuntungan Ma'rifatullah: Kemerdekaan;https://youtu.be/LJypXv_2pFM
67;Islamic Fundamental;Aqidah;Pentingnya Mengenal Allah;Video;Part 7 Keuntungan Ma'rifatullah: Ketentraman dan Keberkahan;https://youtu.be/oqWi42Xx46k
68;Islamic Fundamental;Aqidah;Pentingnya Mengenal Allah;Video;Part 8 Keuntungan Ma'rifatullah: Kehidupan yang Baik;https://youtu.be/tAw6N3vODyY
69;Islamic Fundamental;Aqidah;Pentingnya Mengenal Allah;Video;Part 9 Keuntungan Ma'rifatullah: Surga dan Ridho Allah;https://youtu.be/OLTj6EgN2QY
70;Islamic Fundamental;Aqidah;Tauhid Rububiyah, Uluhiyah, dan Asma wa Shifat;Video;Part 1 Mukadimah Tauhid;https://youtu.be/98fZBW1ECa0
71;Islamic Fundamental;Aqidah;Tauhid Rububiyah, Uluhiyah, dan Asma wa Shifat;Video;Part 2 Klasifikasi Tauhid;https://youtu.be/e28mhsyORf4
72;Islamic Fundamental;Aqidah;Tauhid Rububiyah, Uluhiyah, dan Asma wa Shifat;Video;Part 3 Tidak Dibenarkan Saling Mengingkari;https://youtu.be/_PLKaKK3cL0
73;Islamic Fundamental;Aqidah;Tauhid Rububiyah, Uluhiyah, dan Asma wa Shifat;Video;Part 4 Tauhid Rububiyah;https://youtu.be/UcQyxT6rJW8
74;Islamic Fundamental;Aqidah;Tauhid Rububiyah, Uluhiyah, dan Asma wa Shifat;Video;Part 5 Tauhid Uluhiyah;https://youtu.be/b55Y_0hi0_k
75;Islamic Fundamental;Aqidah;Tauhid Rububiyah, Uluhiyah, dan Asma wa Shifat;Video;Part 6 Tauhid Asma wa Shifat;https://youtu.be/vB1cSy2FHJk
76;Islamic Fundamental;Aqidah;Tauhid Rububiyah, Uluhiyah, dan Asma wa Shifat;Video;Part 7 Menyikapi Perbedaan dalam Memahami Sifat-sifat Allah;https://youtu.be/1FynNViIOs4
77;Islamic Fundamental;Aqidah;Meraih Keagungan Iman;Video;Part 1 Intro Meraih Keagungan Iman;https://youtu.be/Y0vAqoRTh_o
78;Islamic Fundamental;Aqidah;Meraih Keagungan Iman;Video;Part 2 Persepsi Sebagian Orang tentang Iman;https://youtu.be/PLqxtpOU6Ls
79;Islamic Fundamental;Aqidah;Meraih Keagungan Iman;Video;Part 3 Iman Lebih Utama;https://youtu.be/f6995bawdnY
80;Islamic Fundamental;Aqidah;Meraih Keagungan Iman;Video;Part 4 Energi Iman dan Rumitnya Hidup Tanpa Iman;https://youtu.be/UYu2EcvKF-Q
81;Islamic Fundamental;Aqidah;Meraih Keagungan Iman;Video;Part 5 Iman adalah Prestasi dan Energi;https://youtu.be/mpUkBv0Go_g
82;Islamic Fundamental;Aqidah;Meraih Keagungan Iman;Video;Part 6 Cara Meraih Keimanan;https://youtu.be/Q0fgL7kZvlU
83;Islamic Fundamental;Aqidah;Mulia Bersama Iman;Video;Part 1 Intro Mulia Bersama Islam;https://www.youtube.com/watch?v=aQhNysc0odE
84;Islamic Fundamental;Aqidah;Mulia Bersama Iman;Video;Part 2 Jalan Keselamatan;https://www.youtube.com/watch?v=PMzfkvn44og
85;Islamic Fundamental;Aqidah;Mulia Bersama Iman;Video;Part 3 Gelapnya Dunia;https://www.youtube.com/watch?v=HMqvwzVnnaQ
86;Islamic Fundamental;Aqidah;Mulia Bersama Iman;Video;Part 4 Rusaknya Jazirah Arab, Syair, dan Paganisme;https://www.youtube.com/watch?v=2Ux5LmLeCGE
87;Islamic Fundamental;Aqidah;Mulia Bersama Iman;Video;Part 5 Cahaya Itu Datang;https://www.youtube.com/watch?v=hy6bXguLjlE
88;Islamic Fundamental;Aqidah;Mulia Bersama Iman;Video;Part 6 Lahirnya Generasi Terbaik;https://www.youtube.com/watch?v=stg6h9s61Nw
89;Islamic Fundamental;Sirah Nabawiyah;Muqaddimah Materi Sirah Nabawiyah;Video;Part 1 Intro;https://youtu.be/uKzzb8lqky4
90;Islamic Fundamental;Sirah Nabawiyah;Muqaddimah Materi Sirah Nabawiyah;Video;Part 2 Definisi & Urgensi Sirah Nabawiyah;https://youtu.be/kutgKK2TmGc
91;Islamic Fundamental;Sirah Nabawiyah;Muqaddimah Materi Sirah Nabawiyah;Video;Part 3 Urgensi Sirah Nabawiyah Lanjutan;https://youtu.be/g0nJKmJiseY
92;Islamic Fundamental;Sirah Nabawiyah;Muqaddimah Materi Sirah Nabawiyah;Video;Part 4 Manfaat mempelajari Sirah Nabawiyah;https://youtu.be/lb_kiyONrH8
93;Islamic Fundamental;Sirah Nabawiyah;Muqaddimah Materi Sirah Nabawiyah;Video;Part 5 Manfaat mempelajari Sirah Nabawiyah lanjutan;https://youtu.be/w7fCmchOOD0
94;Islamic Fundamental;Sirah Nabawiyah;Kondisi Arab sebelum Islam;Video;Part 1 Intro;https://youtu.be/gs961PX3JuU
95;Islamic Fundamental;Sirah Nabawiyah;Kondisi Arab sebelum Islam;Video;Part 2 Karakter Masyarakat Jahiliyah;https://youtu.be/uOKcHmg3vLc
96;Islamic Fundamental;Sirah Nabawiyah;Kondisi Arab sebelum Islam;Video;Part 3 Tradisi Pernikahan Masyarakat Jahiliyah;https://youtu.be/wH7JsEKmMbI
97;Islamic Fundamental;Sirah Nabawiyah;Kondisi Arab sebelum Islam;Video;Part 4 Kerapuhan Kondisi Sosial Masyarakat Jahiliyah;https://youtu.be/o7hiUeoZf-g
98;Islamic Fundamental;Sirah Nabawiyah;Kondisi Arab sebelum Islam;Video;Part 5 Sisi Positif Masyarakat Jahiliyah;https://youtu.be/4aW2zaCIJDg
99;Islamic Fundamental;Sirah Nabawiyah;Kondisi Arab sebelum Islam;Video;Part 6 Kesimpulan;https://youtu.be/w6j040V6OOU
100;Islamic Fundamental;Sirah Nabawiyah;Akhlak Nabi sebelum Bi'tsah;Video;Part 1 Intro Materi Akhlak Nabi sebelum Bi'tsah;https://youtu.be/SksD0uO3Wgg
101;Islamic Fundamental;Sirah Nabawiyah;Akhlak Nabi sebelum Bi'tsah;Video;Part 2 Bangsa Arab Meninggalkan Ajaran Tauhid Nabi Ibrahim;https://youtu.be/liyfGWg6L6Y
102;Islamic Fundamental;Sirah Nabawiyah;Akhlak Nabi sebelum Bi'tsah;Video;Part 3 Akhlak dan Sifat Nabi Muhammad;https://youtu.be/tocRkxDE-Io
103;Islamic Fundamental;Sirah Nabawiyah;Akhlak Nabi sebelum Bi'tsah;Video;Part 4 Kesimpulan Materi Sirah 3;https://youtu.be/FkRLKC2GukM
104;Islamic Fundamental;Sirah Nabawiyah;Sejarah Kelahiran hingga Kenabian;Video;Part 1 Intro Kelahiran hingga Kenabian;https://youtu.be/2u9anbBHlcw
105;Islamic Fundamental;Sirah Nabawiyah;Sejarah Kelahiran hingga Kenabian;Video;Part 2 Dari lahir Hingga Balita;https://youtu.be/N8Km9nvCOyc
106;Islamic Fundamental;Sirah Nabawiyah;Sejarah Kelahiran hingga Kenabian;Video;Part 3 Masa Remaja Rasulullah;https://youtu.be/7OXZkp5BZHU
107;Islamic Fundamental;Sirah Nabawiyah;Sejarah Kelahiran hingga Kenabian;Video;Part 4 Masa Dewasa Rasulullah;https://youtu.be/oB8ZirLBpq0
108;Islamic Fundamental;Sirah Nabawiyah;Sejarah Kelahiran hingga Kenabian;Video;Part 5 Pembelajaran Dakwah dari Kisah Rasulullah (Part 1);https://youtu.be/1g6GCMncyVA
109;Islamic Fundamental;Sirah Nabawiyah;Sejarah Kelahiran hingga Kenabian;Video;Part 6 Pembelajaran Dakwah dari Kisah Rasulullah (Part 2);https://youtu.be/usCp1IySdS4
110;Islamic Fundamental;Sirah Nabawiyah;Sejarah Kelahiran hingga Kenabian;Video;Part 7 Kesimpulan;https://youtu.be/LKjzCDZdjJI
111;Islamic Fundamental;Fiqh;Intro Ilmu Fiqh;Video;Part 1 Intro Ilmu Fiqh;https://youtu.be/DWKXfL1Mcjg
112;Islamic Fundamental;Fiqh;Intro Ilmu Fiqh;Video;Part 2 Metode Memahami Fiqh;https://youtu.be/pCCxXrBJf3g
113;Islamic Fundamental;Fiqh;Intro Ilmu Fiqh;Video;Part 3 Bagaimana Hukum Digali?;https://youtu.be/OTKX5ZKUMh0
114;Islamic Fundamental;Fiqh;Intro Ilmu Fiqh;Video;Part 4 Sejarah Perkembangan Fiqh Islam;https://youtu.be/hjGX50un4zE
115;Islamic Fundamental;Fiqh;Intro Ilmu Fiqh;Video;Part 5 Bolehkah Mencampur Madzhab?;https://youtu.be/tnUM2cf-7EI
116;Islamic Fundamental;Fiqh;Intro Ilmu Fiqh;Video;Part 6 Urgensi Mempelajari Fiqh;https://youtu.be/9sEbTXOtLIk
117;Islamic Fundamental;Fiqh;Intro Ilmu Fiqh;Video;Part 7 Metode Fiqh yang Dipilih;https://youtu.be/2rhq7fTDGDc
118;Islamic Fundamental;Fiqh;Fiqh Zakat;Video;Part 1 Intro Fiqh Zakat;https://youtu.be/sExGncJxf1s
119;Islamic Fundamental;Fiqh;Fiqh Zakat;Video;Part 2 Makna dan Syarat Zakat;https://youtu.be/pi64bnRXlcw
120;Islamic Fundamental;Fiqh;Fiqh Zakat;Video;Part 3 Sejarah, Keutamaan, Faedah Zakat;https://youtu.be/HgiV6PfKWgA
121;Islamic Fundamental;Fiqh;Fiqh Zakat;Video;Part 4 Tentang Muzakki & Mustahik;https://youtu.be/CHYJbME90gY
122;Islamic Fundamental;Fiqh;Fiqh Zakat;Video;Part 5 Hukum dan Hukuman Zakat;https://youtu.be/uhhSvDdi0q8
123;Islamic Fundamental;Fiqh;Fiqh Zakat;Video;Part 6 Kesimpulan Fiqh Zakat;https://youtu.be/24aOMF4xmtM
124;Islamic Fundamental;Fiqh;Fiqh Sholat;Video;Part 1 Intro Fiqh Sholat;https://youtu.be/6j5BaplKohk
125;Islamic Fundamental;Fiqh;Fiqh Sholat;Video;Part 2 Hukum dan Tujuan Sholat;https://youtu.be/NopIPDpDnaI
126;Islamic Fundamental;Fiqh;Fiqh Sholat;Video;Part 3 Keutamaan Sholat;https://youtu.be/coi3pYrcsI0
127;Islamic Fundamental;Fiqh;Fiqh Sholat;Video;Part 4 Syarat Sah, Rukun, dan Wajib;https://youtu.be/8u_IeRXb360
128;Islamic Fundamental;Fiqh;Fiqh Sholat;Video;Part 5 Sunnah dan Pembatal Sholat;https://youtu.be/LOoqXth0T_k
129;Islamic Fundamental;Fiqh;Fiqh Sholat;Video;Part 6 Keutamaan Sholat Berjamaah;https://youtu.be/mrXaQz-PGEI
130;Islamic Fundamental;Fiqh;Fiqh Sholat;Video;Part 7 Kesimpulan Fiqh Sholat;https://youtu.be/hDkWTIpqJuc
131;Islamic Fundamental;Fiqh;Fiqh Puasa;Video;Part 1 Intro Fiqh Puasa;https://youtu.be/MPpeqQfmBa8
132;Islamic Fundamental;Fiqh;Fiqh Puasa;Video;Part 2 Dalil dan Makna Puasa;https://youtu.be/NIRGt15H-Lo
133;Islamic Fundamental;Fiqh;Fiqh Puasa;Video;Part 3 Keutamaan dan Urgensi Puasa;https://youtu.be/L3DRaX6Tw74
134;Islamic Fundamental;Fiqh;Fiqh Puasa;Video;Part 4 Hikmah Puasa & Awal Ramadhan;https://youtu.be/RkivayO3lVs
135;Islamic Fundamental;Fiqh;Fiqh Puasa;Video;Part 5 Syarat, Sunnah, dan Pembatal;https://youtu.be/Sn2OLjNbo5U
136;Islamic Fundamental;Fiqh;Fiqh Puasa;Video;Part 6 Kesimpulan Fiqh Puasa;https://youtu.be/jeZR7D015w0
137;Islamic Fundamental;Fiqh;Fiqh Thaharah;Video;Part 1 Intro Fiqh Thaharah;https://youtu.be/7KNG_2U0SUk
138;Islamic Fundamental;Fiqh;Fiqh Thaharah;Video;Part 2 Pengertian Thaharah;https://youtu.be/Bkp5nzwpu3w
139;Islamic Fundamental;Fiqh;Fiqh Thaharah;Video;Part 3 Macam-macam Air;https://youtu.be/RiwgIRYam2c
140;Islamic Fundamental;Fiqh;Fiqh Thaharah;Video;Part 4 Mengenal Najis & Hadats;https://youtu.be/T4puWjn-F8Q
141;Islamic Fundamental;Fiqh;Fiqh Thaharah;Video;Part 5 Wudhu 101;https://youtu.be/8cfKQKHJTFA
142;Islamic Fundamental;Fiqh;Fiqh Thaharah;Video;Part 6 Tayamum 101;https://youtu.be/MxOL6rHF_Mo
143;Islamic Fundamental;Fiqh;Fiqh Thaharah;Video;Part 7 Mandi, Khuffain, Haid, Nifas;https://youtu.be/nHrQP0ErPaM
144;Islamic Fundamental;Fiqh;Fiqh Thaharah;Video;Part 8 Kesimpulan Fiqh Thaharah;https://youtu.be/cionzNFLibU
145;Islamic Fundamental;Hadits;Kedudukan Sunnah Nabi;Video;Part 1 Intro Kedudukan Sunnah Nabi;https://youtu.be/swtZlfqGzwQ
146;Islamic Fundamental;Hadits;Kedudukan Sunnah Nabi;Video;Part 2 Sunnah Menurut K.H. Hasyim Asy'ari;https://youtu.be/1uEHaDlAbrs
147;Islamic Fundamental;Hadits;Kedudukan Sunnah Nabi;Video;Part 3 Sunnah Berdasarkan Dalil Al Quran;https://youtu.be/zPZ-IfwEQ6I
148;Islamic Fundamental;Hadits;Kedudukan Sunnah Nabi;Video;Part 4 Sunnah Berdasarkan Dalil Hadits;https://youtu.be/OMX-KjfAsL0
149;Islamic Fundamental;Hadits;Kedudukan Sunnah Nabi;Video;Part 5 Sunnah Menurut Para Ulama;https://youtu.be/IAP1Yj7CiB8
150;Islamic Fundamental;Hadits;Kedudukan Sunnah Nabi;Video;Part 6 Kesimpulan Kedudukan Sunnah Nabi;https://youtu.be/-n4zSETd3OE
151;Islamic Fundamental;Hadits;Hadits 1 - Ikhlas;Video;Part 1 Intro Ikhlas Dalam Beramal;https://youtu.be/tYUXzecH0u8
152;Islamic Fundamental;Hadits;Hadits 1 - Ikhlas;Video;Part 2 Hadits Pertama Dalam Arbain Nawawi;https://youtu.be/ue6IS5e7Gpg
153;Islamic Fundamental;Hadits;Hadits 1 - Ikhlas;Video;Part 3 Pelajaran dari Hadits Niat;https://youtu.be/RFfQ-WDpWWY
154;Islamic Fundamental;Hadits;Hadits 1 - Ikhlas;Video;Part 4 Pentingnya Ikhlas Karena Allah;https://youtu.be/ehrLOj_T_vk
155;Islamic Fundamental;Hadits;Hadits 1 - Ikhlas;Video;Part 5 Tips Mudah Ikhlas;https://youtu.be/Fm8PFE_c7LY
156;Islamic Fundamental;Hadits;Hadits 1 - Ikhlas;Video;Part 6 Kesimpulan;https://youtu.be/OHuxPAjDjXg
157;Islamic Fundamental;Hadits;Hadits 2 - Islam, Iman, Ihsan;Video;Part 1 Intro Islam, Iman, Ihsan & Kiamat;https://youtu.be/LsmnOdqWrO4
158;Islamic Fundamental;Hadits;Hadits 2 - Islam, Iman, Ihsan;Video;Part 2 Hadits Islam, Iman, Ihsan & Kiamat;https://youtu.be/Q9rWn1xTR70
159;Islamic Fundamental;Hadits;Hadits 2 - Islam, Iman, Ihsan;Video;Part 3 Tentang Rukun Iman;https://youtu.be/XpEr8CkCjBw
160;Islamic Fundamental;Hadits;Hadits 2 - Islam, Iman, Ihsan;Video;Part 4 Makna Ihsan;https://youtu.be/hf1eYJB7q38
161;Islamic Fundamental;Hadits;Hadits 2 - Islam, Iman, Ihsan;Video;Part 5 Tentang Hari Kiamat;https://youtu.be/NWywVWzlzvw
162;Islamic Fundamental;Hadits;Hadits 2 - Islam, Iman, Ihsan;Video;Part 6 Kesimpulan;https://youtu.be/f3iXiiJ1EYA
163;Islamic Fundamental;Hadits;Hadits 3 - Rukun Islam;Video;Part 1 Intro Rukun Islam & Makna Ibadah;https://youtu.be/j80GirSWdO8
164;Islamic Fundamental;Hadits;Hadits 3 - Rukun Islam;Video;Part 2 Hadits Rukun Islam;https://youtu.be/rk5tMZ9MYKo
165;Islamic Fundamental;Hadits;Hadits 3 - Rukun Islam;Video;Part 3 Syahadat;https://youtu.be/5xqfUiaCy4s
166;Islamic Fundamental;Hadits;Hadits 3 - Rukun Islam;Video;Part 4 Sholat;https://youtu.be/iNoJNkONPRc
167;Islamic Fundamental;Hadits;Hadits 3 - Rukun Islam;Video;Part 5 Zakat;https://youtu.be/H5r_7amxPeg
168;Islamic Fundamental;Hadits;Hadits 3 - Rukun Islam;Video;Part 6 Puasa Ramadhan;https://youtu.be/7TBkBpEAazw
169;Islamic Fundamental;Hadits;Hadits 3 - Rukun Islam;Video;Part 7 Haji ke Baitullah bila Mampu;https://youtu.be/9n04daRt_yM
170;Islamic Fundamental;Hadits;Hadits 3 - Rukun Islam;Video;Part 8 Memaknai Ibadah & Kesimpulan;https://youtu.be/mRKPjcvcxgE
171;Islamic Fundamental;Hadits;Hadits 3 - Rukun Islam;Video;Part 9 Kesimpulan;https://youtu.be/7BR_AJ0Ihqo
172;Islamic Fundamental;Hadits;Hadits 4 - Proses Penciptaan Manusia;Video;Part 1 Intro Proses Penciptaan Manusia;https://youtu.be/7Lmu-qpH-r8
173;Islamic Fundamental;Hadits;Hadits 4 - Proses Penciptaan Manusia;Video;Part 2 Hadits Proses Penciptaan Manusia;https://youtu.be/lFzkq_Ii22Q
174;Islamic Fundamental;Hadits;Hadits 4 - Proses Penciptaan Manusia;Video;Part 3 Penciptaan Manusia dan Takdirnya;https://youtu.be/BzsYHilxaH8
175;Islamic Fundamental;Hadits;Hadits 4 - Proses Penciptaan Manusia;Video;Part 4 Ibadah Sebagai Tujuan Hidup;https://youtu.be/AOJPtdL31Fs
176;Islamic Fundamental;Hadits;Hadits 4 - Proses Penciptaan Manusia;Video;Part 5 Kesimpulan;https://youtu.be/BkWGdLTVSgQ
177;Islamic Fundamental;Hadits;Hadits 5 - Islam itu Ittiba' bukan Ibtida';Video;Part 1 Intro;https://youtu.be/8gvwHQUPCAQ
178;Islamic Fundamental;Hadits;Hadits 5 - Islam itu Ittiba' bukan Ibtida';Video;Part 2 Isi Hadits;https://youtu.be/eBmzxf3AO84
179;Islamic Fundamental;Hadits;Hadits 5 - Islam itu Ittiba' bukan Ibtida';Video;Part 3 Bijak Memahami Bid'ah;https://youtu.be/YIwTZ0fUL7Q
180;Islamic Fundamental;Hadits;Hadits 5 - Islam itu Ittiba' bukan Ibtida';Video;Part 4 Mahabbah dan Meneladani Nabi;https://youtu.be/VJ4tGLwLk6A
181;Islamic Fundamental;Hadits;Hadits 5 - Islam itu Ittiba' bukan Ibtida';Video;Part 5 Kesimpulan;https://youtu.be/RQkIajKTkx8
182;Islamic Fundamental;Hadits;Hadits 5 - Islam itu Ittiba' bukan Ibtida';Video;Part 6 Komitmen;https://youtu.be/MMHKquAuT-8
183;Islamic Fundamental;Hadits;Hadits 6 - Halal dan Haram dalam Islam;Video;Part 1 Intro;https://youtu.be/nOZqBZHG3a8
184;Islamic Fundamental;Hadits;Hadits 6 - Halal dan Haram dalam Islam;Video;Part 2 Isi Hadits;https://youtu.be/6sCZ50rGzVw
185;Islamic Fundamental;Hadits;Hadits 6 - Halal dan Haram dalam Islam;Video;Part 3 Biografi Singkat Perawi Hadits;https://youtu.be/6BEKxj5xB10
186;Islamic Fundamental;Hadits;Hadits 6 - Halal dan Haram dalam Islam;Video;Part 4 Pembahasan Hadits;https://youtu.be/T-wXFqSO2Rk
187;Islamic Fundamental;Hadits;Hadits 6 - Halal dan Haram dalam Islam;Video;Part 5 Kesimpulan;https://youtu.be/uMKjupd8THw
188;Islamic Fundamental;Hadits;Hadits 7 - Agama itu Nasihat;Video;Part 1 Intro;https://youtu.be/GxuF0qxxEHw
189;Islamic Fundamental;Hadits;Hadits 7 - Agama itu Nasihat;Video;Part 2 Isi Hadits;https://youtu.be/6N5dZsdRxlM
190;Islamic Fundamental;Hadits;Hadits 7 - Agama itu Nasihat;Video;Part 3 Biografi Perawi Hadits;https://youtu.be/qmGYWtKL6FI
191;Islamic Fundamental;Hadits;Hadits 7 - Agama itu Nasihat;Video;Part 4 Penjelasan Hadits;https://youtu.be/c9r2mrBiG1U
192;Islamic Fundamental;Hadits;Hadits 7 - Agama itu Nasihat;Video;Part 5 Agama itu Nasihat;https://youtu.be/ijpIpXp4XzM
193;Islamic Fundamental;Hadits;Hadits 7 - Agama itu Nasihat;Video;Part 6 Riwayat Anjuran Saling Menasehati;https://youtu.be/b33vrKgScyE
194;Islamic Fundamental;Hadits;Hadits 7 - Agama itu Nasihat;Video;Part 7 Kesimpulan;https://youtu.be/KNIGqka-wUg
195;Islamic Fundamental;Hadits;Hadits 8 - Terjaganya Darah dan Harta Manusia;Video;Part 1 Intro;https://youtu.be/d2WT0FLXY6g
196;Islamic Fundamental;Hadits;Hadits 8 - Terjaganya Darah dan Harta Manusia;Video;Part 2 Isi Hadits;https://youtu.be/4fulFD-PBr0
197;Islamic Fundamental;Hadits;Hadits 8 - Terjaganya Darah dan Harta Manusia;Video;Part 3 Biografi Singkat Perawi Hadits;https://youtu.be/pUUG7pOw6bE
198;Islamic Fundamental;Hadits;Hadits 8 - Terjaganya Darah dan Harta Manusia;Video;Part 4 Pembahasan Hadits;https://youtu.be/kDssHiZ2YS8
199;Islamic Fundamental;Hadits;Hadits 8 - Terjaganya Darah dan Harta Manusia;Video;Part 5 Kesimpulan;https://youtu.be/8gBr-0kNrhU
200;Islamic Fundamental;Hadits;Hadits 9 - Kemudahan dalam Syariat Islam;Video;Part 1 Intro Kemudahan;https://youtu.be/UPsExCnsb4I
201;Islamic Fundamental;Hadits;Hadits 9 - Kemudahan dalam Syariat Islam;Video;Part 2 Hadits Kemudahan;https://youtu.be/f4Pic-GS5GU
202;Islamic Fundamental;Hadits;Hadits 9 - Kemudahan dalam Syariat Islam;Video;Part 3 Biografi Singkat Perawi Hadits;https://youtu.be/aNiXeYfmNfc
203;Islamic Fundamental;Hadits;Hadits 9 - Kemudahan dalam Syariat Islam;Video;Part 4 Pembahasan Bagian Pertama;https://youtu.be/47d4YwmQ66E
204;Islamic Fundamental;Hadits;Hadits 9 - Kemudahan dalam Syariat Islam;Video;Part 5 Pembahasan Bagian Kedua;https://youtu.be/ZuasGZ7nIgA
205;Islamic Fundamental;Hadits;Hadits 9 - Kemudahan dalam Syariat Islam;Video;Part 6 Kesimpulan;https://youtu.be/sHCTMsr3YwA
206;Islamic Fundamental;Hadits;Hadits 10 - Mencukupkan Diri dengan yang Halal;Video;Part 1 Intro Materi;https://youtu.be/LBOajONJbbg
207;Islamic Fundamental;Hadits;Hadits 10 - Mencukupkan Diri dengan yang Halal;Video;Part 2 Hadits Riwayat Imam Muslim;https://youtu.be/iog5b-xAxhI
208;Islamic Fundamental;Hadits;Hadits 10 - Mencukupkan Diri dengan yang Halal;Video;Part 3 Pembahasan Hadits;https://youtu.be/tZV6qKt9Zes
209;Islamic Fundamental;Hadits;Hadits 10 - Mencukupkan Diri dengan yang Halal;Video;Part 4 Adab dan Doa;https://youtu.be/irTnVulqiCk
210;Islamic Fundamental;Hadits;Hadits 10 - Mencukupkan Diri dengan yang Halal;Video;Part 5 Kesimpulan;https://youtu.be/Ch0nd9dDNxQ
211;Islamic Fundamental;Hadits;Hadits 10 - Mencukupkan Diri dengan yang Halal;Video;Part 6 Komitmen;https://youtu.be/hltv189JUaU
212;Islamic Fundamental;Pengantar Materi Al-Qur'an;Mengapa Perlu Berinteraksi dengan Al-Qur'an;Video;Part 1 Intro;https://youtu.be/bY8wuahh2x4
213;Islamic Fundamental;Pengantar Materi Al-Qur'an;Mengapa Perlu Berinteraksi dengan Al-Qur'an;Video;Part 2 Instruksi dari Langit;https://youtu.be/n1K4Awl3Xqc
214;Islamic Fundamental;Pengantar Materi Al-Qur'an;Mengapa Perlu Berinteraksi dengan Al-Qur'an;Video;Part 3 Di Balik Hal-hal Mulia;https://youtu.be/XK74dNtP1iA
215;Islamic Fundamental;Pengantar Materi Al-Qur'an;Mengapa Perlu Berinteraksi dengan Al-Qur'an;Video;Part 4 Agar Selamat di Hari Akhir Kelak;https://youtu.be/0QJ-X1EFmjM
216;Islamic Fundamental;Pengantar Materi Al-Qur'an;Langkah Membangun Kebiasaan Tilawah Qur'an;Video;Part 1 Intro;https://youtu.be/ih506Sg6-HM
217;Islamic Fundamental;Pengantar Materi Al-Qur'an;Langkah Membangun Kebiasaan Tilawah Qur'an;Video;Part 2 Akar Segala Perbuatan;https://youtu.be/hT13wGNzXN8
218;Islamic Fundamental;Pengantar Materi Al-Qur'an;Langkah Membangun Kebiasaan Tilawah Qur'an;Video;Part 3 Teman tapi Taat;https://youtu.be/h8zONNC9pec
219;Islamic Fundamental;Pengantar Materi Al-Qur'an;Langkah Membangun Kebiasaan Tilawah Qur'an;Video;Part 4 Cara Menumbuhkan Cinta;https://youtu.be/qvEw8nX1Hg8
220;Islamic Fundamental;Pengantar Materi Al-Qur'an;Mengapa Perlu Tadabbur Al-Qur'an Secara Rutin?;Video;Part 1 Intro;https://youtu.be/GwnAEp7gdvM
221;Islamic Fundamental;Pengantar Materi Al-Qur'an;Mengapa Perlu Tadabbur Al-Qur'an Secara Rutin?;Video;Part 2 Tujuan Al-Qur'an Diturunkan;https://youtu.be/Jca6t7ysjAI
222;Islamic Fundamental;Pengantar Materi Al-Qur'an;Mengapa Perlu Tadabbur Al-Qur'an Secara Rutin?;Video;Part 3 Kunci Merasakan Kelezatan Al-Qur'an;https://youtu.be/aLJSuyx8cqo
223;Islamic Fundamental;Pengantar Materi Al-Qur'an;Mengapa Perlu Tadabbur Al-Qur'an Secara Rutin?;Video;Part 4 Agar Hati Tidak Mati;https://youtu.be/75LntNL-HJw
224;Islamic Fundamental;Pengantar Materi Al-Qur'an;Langkah Membangun Kebiasaan Tadabbur Al-Qur'an;Video;Part 1 Perintah dari Allah;https://youtu.be/qe0Saqx1J0M
225;Islamic Fundamental;Pengantar Materi Al-Qur'an;Langkah Membangun Kebiasaan Tadabbur Al-Qur'an;Video;Part 2 Mengkhususkan Waktu & Memahami Al-Qur'an;https://youtu.be/2QnPrp49XYA
226;Islamic Fundamental;Pengantar Materi Al-Qur'an;Langkah Membangun Kebiasaan Tadabbur Al-Qur'an;Video;Part 3 Teknik Memperindah Bacaan Al-Qur'an;https://youtu.be/rxPS-U0tdNg
227;Islamic Fundamental;Pengantar Materi Al-Qur'an;Langkah Membangun Kebiasaan Tadabbur Al-Qur'an;Video;Part 4 Mengulang Bacaan Al-Qur'an;https://youtu.be/oKPC2lAFGyA
228;Islamic Fundamental;Pengantar Materi Al-Qur'an;Adab dalam Membaca Al-Qur'an;Video;Part 1 Intro;https://youtu.be/jFal2--yX6M
229;Islamic Fundamental;Pengantar Materi Al-Qur'an;Adab dalam Membaca Al-Qur'an;Video;Part 2 Hati dan Mulut yang Bersih;https://youtu.be/KVD_l2FwTXg
230;Islamic Fundamental;Pengantar Materi Al-Qur'an;Adab dalam Membaca Al-Qur'an;Video;Part 3 Keadaan Suci dan Tenang;https://youtu.be/qeAEeVON5ss
231;Islamic Fundamental;Pengantar Materi Al-Qur'an;Adab dalam Membaca Al-Qur'an;Video;Part 4 Menghadap Kiblat dan Memohon Perlindungan;https://youtu.be/OqaPx_KHnaE
232;Islamic Fundamental;Pengantar Materi Al-Qur'an;Adab dalam Membaca Al-Qur'an;Video;Part 5 Khusyu dan Membaguskan Bacaan;https://www.youtube.com/watch?v=W7VCmMg91Ow
233;Islamic Fundamental;Tadabbur Al-Quran Juz 30;Tadabbur Surah Al-Alaq;Video;Part 1 Intro Tadabbur Quran Surah Al-Alaq;https://youtu.be/Q4nOwwjJp1k
234;Islamic Fundamental;Tadabbur Al-Quran Juz 30;Tadabbur Surah Al-Alaq;Video;Part 2 Surah Al-Alaq Ayat 1-2;https://youtu.be/NpnnGxc1J1E
235;Islamic Fundamental;Tadabbur Al-Quran Juz 30;Tadabbur Surah Al-Alaq;Video;Part 3 Surah Al-Alaq Ayat 3-8;https://youtu.be/C4NIU4b-o60
236;Islamic Fundamental;Tadabbur Al-Quran Juz 30;Tadabbur Surah Al-Alaq;Video;Part 4 Surah Al-Alaq Ayat 9-19;https://youtu.be/LCyZ-VTSeug
237;Islamic Fundamental;Tadabbur Al-Quran Juz 30;Tadabbur Surah Al-Alaq;Video;Part 5 Kesimpulan;https://youtu.be/ZqqDwbZ4-5U
238;Islamic Fundamental;Tadabbur Al-Quran Juz 30;Tadabbur Surah At-Tiin;Video;Part 1 Intro Tadabbur Surah At-Tiin;https://youtu.be/2u15xiYUyf4
239;Islamic Fundamental;Tadabbur Al-Quran Juz 30;Tadabbur Surah At-Tiin;Video;Part 2 Sumpah Allah dengan Buah dan Tempat;https://youtu.be/jmZ-mhb-DbU
240;Islamic Fundamental;Tadabbur Al-Quran Juz 30;Tadabbur Surah At-Tiin;Video;Part 3 Manusia adalah Makhluk yang Paling Sempurna;https://youtu.be/IGRQSW2SU-k
241;Islamic Fundamental;Tadabbur Al-Quran Juz 30;Tadabbur Surah At-Tiin;Video;Part 4 Tolak Ukur Kemuliaan adalah Iman dan Amal Shalih;https://youtu.be/B7NFMliOJkY
242;Islamic Fundamental;Tadabbur Al-Quran Juz 30;Tadabbur Surah At-Tiin;Video;Part 5 Kesimpulan Tadabbur Surah At-Tin;https://youtu.be/XiuBF9AvHC0
243;Islamic Fundamental;Tadabbur Al-Quran Juz 30;Tadabbur Surah Al Bayyinah;Video;Part 1 Intro Tadabbur Surah Al Bayyinah;https://youtu.be/ZLatnn8wcIk
244;Islamic Fundamental;Tadabbur Al-Quran Juz 30;Tadabbur Surah Al Bayyinah;Video;Part 2 Ingkarnya Orang Kafir;https://youtu.be/JRJoLkPTa0U
245;Islamic Fundamental;Tadabbur Al-Quran Juz 30;Tadabbur Surah Al Bayyinah;Video;Part 3 Perintah Allah untuk Beribadah dengan Ikhlas;https://youtu.be/NU7ubqhC4_E
246;Islamic Fundamental;Tadabbur Al-Quran Juz 30;Tadabbur Surah Al Bayyinah;Video;Part 4 Balasan Bagi Orang Kafir dan Orang Beriman;https://youtu.be/JMcom6SDdFQ
247;Islamic Fundamental;Tadabbur Al-Quran Juz 30;Tadabbur Surah Al Bayyinah;Video;Part 5 Tadabbur Surah Al Bayyinah;https://youtu.be/3XE1siJexCg
248;Islamic Fundamental;Tadabbur Al-Quran Juz 30;Tadabbur Surah Al-Qadr;Video;Part 1 Intro Tadabbur Al-Qadr;https://youtu.be/-Ys2UKxYBbU
249;Islamic Fundamental;Tadabbur Al-Quran Juz 30;Tadabbur Surah Al-Qadr;Video;Part 2 Overview Surah Al-Qadr;https://youtu.be/T5kXIBGDKhM
250;Islamic Fundamental;Tadabbur Al-Quran Juz 30;Tadabbur Surah Al-Qadr;Video;Part 3 Peristiwa Turunnya Al-Qur�an;https://youtu.be/E1YcBOhl62A
251;Islamic Fundamental;Tadabbur Al-Quran Juz 30;Tadabbur Surah Al-Qadr;Video;Part 4 Keutamaan Lailatul Qadr;https://youtu.be/aLMHs7iK-yI
252;Islamic Fundamental;Tadabbur Al-Quran Juz 30;Tadabbur Surah Al-Qadr;Video;Part 5 Motivasi untuk Meraih Lailatul Qadr;https://youtu.be/M78t-20b81w
253;Islamic Fundamental;Tadabbur Al-Quran Juz 30;Tadabbur Surah Al-Qadr;Video;Part 6 Adab Muslim Terhadap Al-Qur�an;https://youtu.be/YabjRKOFskw
254;Islamic Fundamental;Tadabbur Al-Quran Juz 30;Tadabbur Surah Al-Qadr;Video;Part 7 Kesimpulan Tadabbur Al-Qadr;https://youtu.be/7VrNJMgJT4E
255;Islamic Fundamental;Tadabbur Al-Qur�an Juz 30;Tadabbur Surah Al-'Adiyat;Video;Part 1 Intro Materi Surah Al-�Adiyat;https://youtu.be/CcR41H3R7EU
256;Islamic Fundamental;Tadabbur Al-Qur�an Juz 30;Tadabbur Surah Al-'Adiyat;Video;Part 2 Asbabun Nuzul Surah Al-�Adiyat;https://youtu.be/tUG68n6uwvc
257;Islamic Fundamental;Tadabbur Al-Qur�an Juz 30;Tadabbur Surah Al-'Adiyat;Video;Part 3 Ayat 1�5 Surah Al-�Adiyat;https://youtu.be/CkRJgytw0uQ
258;Islamic Fundamental;Tadabbur Al-Qur�an Juz 30;Tadabbur Surah Al-'Adiyat;Video;Part 4 Ayat 6�8 Surah Al-�Adiyat;https://youtu.be/WfWLY-ZA64M
259;Islamic Fundamental;Tadabbur Al-Qur�an Juz 30;Tadabbur Surah Al-'Adiyat;Video;Part 5 Ayat 9�11 Surah Al-�Adiyat;https://youtu.be/J4obHD_cVdU
260;Islamic Fundamental;Tadabbur Al-Qur�an Juz 30;Tadabbur Al-Qur�an Surah Al-Zalzalah;Video;Part 1 Intro Materi Surah Al-Zalzalah;https://youtu.be/zjx_04ysDEI
261;Islamic Fundamental;Tadabbur Al-Qur�an Juz 30;Tadabbur Al-Qur�an Surah Al-Zalzalah;Video;Part 2 Ayat 1 Surah Al-Zalzalah;https://youtu.be/7skoSDOk73w
262;Islamic Fundamental;Tadabbur Al-Qur�an Juz 30;Tadabbur Al-Qur�an Surah Al-Zalzalah;Video;Part 3 Ayat 2�3 Surah Al-Zalzalah;https://youtu.be/oOfmOWzI3mY
263;Islamic Fundamental;Tadabbur Al-Qur�an Juz 30;Tadabbur Al-Qur�an Surah Al-Zalzalah;Video;Part 4 Ayat 4�6 Surah Al-Zalzalah;https://youtu.be/T3JGAhTxnNE
264;Islamic Fundamental;Tadabbur Al-Qur�an Juz 30;Tadabbur Al-Qur�an Surah Al-Zalzalah;Video;Part 5 Ayat 7�8 Surah Al-Zalzalah;https://youtu.be/oQ5u9pPPEnc
265;Islamic Fundamental;Tadabbur Al-Quran Juz 30;Tadabbur Surah Ad-Dhuha;Video;Part 1 Intro & Asbabun Nuzul Surah Ad-Dhuha;https://youtu.be/WQ-B3D35oeQ
266;Islamic Fundamental;Tadabbur Al-Quran Juz 30;Tadabbur Surah Ad-Dhuha;Video;Part 2 Tadabbur Surah Adh-Dhuha Ayat 1-2;https://youtu.be/ltRo8HqQsWU
267;Islamic Fundamental;Tadabbur Al-Quran Juz 30;Tadabbur Surah Ad-Dhuha;Video;Part 3 Tadabbur Surah Adh-Dhuha Ayat 3-5;https://youtu.be/aitTjeN3AxA
268;Islamic Fundamental;Tadabbur Al-Quran Juz 30;Tadabbur Surah Ad-Dhuha;Video;Part 4 Tadabbur Surah Adh-Dhuha Ayat 6-11;https://youtu.be/GMStDRSW4H0
269;Islamic Fundamental;Tadabbur Al-Quran Juz 30;Tadabbur Surah Ad-Dhuha;Video;Part 5 7 Pelajaran dari Surah Adh-Dhuha;https://www.youtube.com/watch?v=v1RzKafau2I
270;Islamic Fundamental;Tadabbur Al-Quran Juz 30;Tadabbur Surah Al-Insyirah;Video;Part 1 Intro & Asbabun Nuzul Surah Al-Insyirah;https://youtu.be/dwpGTdL5qcc
271;Islamic Fundamental;Tadabbur Al-Quran Juz 30;Tadabbur Surah Al-Insyirah;Video;Part 2 Tadabbur Surah Al Insyirah: Ayat 1-4;https://youtu.be/0w_3ZbVwZfY
272;Islamic Fundamental;Tadabbur Al-Quran Juz 30;Tadabbur Surah Al-Insyirah;Video;Part 3 Tadabbur Surah Al Insyirah: Ayat 5-6;https://youtu.be/3qR00ONczY8
273;Islamic Fundamental;Tadabbur Al-Quran Juz 30;Tadabbur Surah Al-Insyirah;Video;Part 4 Tadabbur Surah Al Insyirah: Ayat 7-8;https://youtu.be/ZcmfABI8aS0
274;Islamic Fundamental;Tadabbur Al-Quran Juz 30;Tadabbur Surah Al-Insyirah;Video;Part 5 6 Pelajaran dari Surah Al-Insyirah;https://youtu.be/pGDmN7hPzg4
275;Shafa Talks;Palestine & Me: Sejarah, Arah, dan Peran Kita � Ust. Faris Jihady;Materi;Video;Part 1 - Intro;https://youtu.be/T_0quZM_iRQ
276;Shafa Talks;Palestine & Me: Sejarah, Arah, dan Peran Kita � Ust. Faris Jihady;Materi;Video;Part 2 - Berkenalan dengan Masjidil Aqsha;https://youtu.be/XQ8_42yZors
277;Shafa Talks;Palestine & Me: Sejarah, Arah, dan Peran Kita � Ust. Faris Jihady;Materi;Video;Part 3 - Masjidil Aqsha dalam Sejarah;https://youtu.be/QZsBMy3QwMY
278;Shafa Talks;Palestine & Me: Sejarah, Arah, dan Peran Kita � Ust. Faris Jihady;Materi;Video;Part 4 - Baitul Maqdis dan Palestina dalam Al-Qur�an dan Sunnah;https://youtu.be/dqJOE6CgZUY
279;Shafa Talks;Palestine & Me: Sejarah, Arah, dan Peran Kita � Ust. Faris Jihady;Materi;Video;Part 5 - Baitul Maqdis Before and After Islam;https://youtu.be/hrJWU5zwvAg
280;Shafa Talks;Palestine & Me: Sejarah, Arah, dan Peran Kita � Ust. Faris Jihady;Materi;Video;Part 6 - Palestina dan Penjajahan;https://youtu.be/AMLW9Q_CKpI
281;Shafa Talks;Palestine & Me: Sejarah, Arah, dan Peran Kita � Ust. Faris Jihady;Materi;Video;Part 7 - Karakteristik Perjuangan Palestina;https://youtu.be/3o9NIHaZu5w
282;Shafa Talks;Palestine & Me: Sejarah, Arah, dan Peran Kita � Ust. Faris Jihady;QnA;Video;Part 8 - QnA: Penjajahan Belanda dan Perlawanan Palestina;https://youtu.be/l3omIY6DutY
283;Shafa Talks;Palestine & Me: Sejarah, Arah, dan Peran Kita � Ust. Faris Jihady;QnA;Video;Part 9 - QnA: Terjaganya Api Perlawanan dan Tabiat Yahudi;https://youtu.be/WHoazBkLgX4
284;Shafa Muslim Professional Mentorship;Design a Plan That Works;Materi;Video;Part 1 - Diri dan Resolusi;https://www.youtube.com/watch?v=ntEUmFiaLss
285;Shafa Muslim Professional Mentorship;Design a Plan That Works;Materi;Video;Part 2 - Kenapa Perlu Planning?;https://youtu.be/aak46zDmwnY
286;Shafa Muslim Professional Mentorship;Design a Plan That Works;Materi;Video;Part 3 - QnA: People Pleaser atau Allah Pleaser;https://youtu.be/paSaBwKrrlk
287;Shafa Muslim Professional Mentorship;Design a Plan That Works;Materi;Video;Part 4 - Design a Smarter Goal Setting;https://youtu.be/exbNfNStIm8
288;Shafa Muslim Professional Mentorship;Design a Plan That Works;Materi;Video;Part 5 - Supaya Berhasil Menentukan Indikator Keberhasilan;https://youtu.be/W501KZPifhQ
289;Shafa Muslim Professional Mentorship;Design a Plan That Works;Materi;Video;Part 6 - Seni Berkata 'Tidak';https://youtu.be/uYRYvoPwrx4
290;Shafa Muslim Professional Mentorship;Design a Plan That Works;QnA;Video;Part 7 - QnA: Supaya Tidak Menuhankan Planning;https://youtu.be/twJ_E0nLMp4
291;Shafa Muslim Professional Mentorship;Design a Plan That Works;QnA;Video;Part 8 - QnA: Ketika Rencana Gagal;https://youtu.be/fcEtyYoWyIY
292;Shafa Muslim Professional Mentorship;Design a Plan That Works;QnA;Video;Part 9 - QnA: Menggali Kasih Sayang Allah di Fase Kemunduran Hidup;https://youtu.be/wwRvJr81hlI
293;Shafa Muslim Professional Mentorship;Aqidah 101;Materi;Video;Part 1 - Urgensi Aqidah dalam tiap-tiap Jengkal Kehidupan;https://youtu.be/4UD3CM6xeHU
294;Shafa Muslim Professional Mentorship;Aqidah 101;Materi;Video;Part 2 - Masih Khawatir Soal Masa Depan? - Memahami Tauhid Lebih Dalam;https://youtu.be/Mn1n4paUhOM
295;Shafa Muslim Professional Mentorship;Aqidah 101;Materi;Video;Part 3 - Apakah Ketentuan Allah Bisa Salah? - Memahami Tauhid Lebih Dalam;https://youtu.be/N3YWVcj6TF4
296;Shafa Muslim Professional Mentorship;Aqidah 101;Materi;Video;Part 4 - Tujuan dari Segala Tujuan - Memahami Tauhid Lebih Dalam;https://youtu.be/TeXS_g3Ksi0
297;Shafa Muslim Professional Mentorship;Aqidah 101;Materi;Video;Part 5 - Sebai-baik Tempat Bergantung - Memahami Tauhid Lebih Dalam;https://youtu.be/dDTOpyDimb4
298;Shafa Muslim Professional Mentorship;Aqidah 101;QnA;Video;"Part 6 - QnA: Ketika Bingung dengan ""Cara Kerja"" Allah";https://youtu.be/faKg9raOzHE
299;Shafa Muslim Professional Mentorship;Aqidah 101;QnA;Video;Part 7 - QnA: Hukum Allah atau Hukum Negara?;https://youtu.be/uZOH7VSQvAU
300;Shafa Muslim Professional Mentorship;Aqidah 101;QnA;Video;Part 8 - QnA: Kenal Diri = Kenal Allah?;https://youtu.be/8FGqiyxsGRU
301;Shafa Muslim Professional Mentorship;Efforts dan Results dalam Worldview Islam;Materi;Video;Part 1 - Memaknai Hidup Berislam;https://youtu.be/DYyq_qLmLsQ
302;Shafa Muslim Professional Mentorship;Efforts dan Results dalam Worldview Islam;Materi;Video;Part 2 - Keunikan Fase Hidup di Dunia;https://youtu.be/9VrRogm9DYE
303;Shafa Muslim Professional Mentorship;Efforts dan Results dalam Worldview Islam;Materi;Video;Part 3 - QnA: Posisi Logika Dalam Keimanan;https://youtu.be/H2Fk3eqhDQw
304;Shafa Muslim Professional Mentorship;Efforts dan Results dalam Worldview Islam;Materi;Video;Part 4 - QnA: Eksploitasi Karir vs Eksploitasi Agama;https://youtu.be/Hf6BtlttEz0
305;Shafa Muslim Professional Mentorship;Efforts dan Results dalam Worldview Islam;Materi;Video;Part 5 - Tiga Kaidah Memahami Qadha & Qadar;https://youtu.be/eZDKjxKtS9I
306;Shafa Muslim Professional Mentorship;Efforts dan Results dalam Worldview Islam;Materi;Video;Part 6 - Positioning Doa, Tawakal, dan Hasil;https://youtu.be/c1YKR2QC2-I
307;Shafa Muslim Professional Mentorship;Efforts dan Results dalam Worldview Islam;QnA;Video;Part 7 - QnA: Di Mana Letak Keadilan Allah;https://youtu.be/YH_laNoMea8
308;Shafa Muslim Professional Mentorship;Efforts dan Results dalam Worldview Islam;QnA;Video;Part 8 - QnA: Ketika Hasil Tidak Sesuai;https://youtu.be/fWHl_VTCZlk
309;Shafa Muslim Professional Mentorship;Efforts dan Results dalam Worldview Islam;QnA;Video;Part 9 - QnA: Jika Bekerja dan Ibadah Tak Sejalan;https://youtu.be/Fl3bx0LZyzg
310;Shafa Muslim Professional Mentorship;Efforts dan Results dalam Worldview Islam;QnA;Video;Part 10 - QnA: Menikmati Kehidupan Beragama;https://youtu.be/kMYOWk1vIuE
311;Shafa Muslim Professional Mentorship;Profesionalisme dalam Islam;Materi;Video;Part 1 Merenungi Misi Penciptaan Manusia;https://youtu.be/QazKziXKaOM
312;Shafa Muslim Professional Mentorship;Profesionalisme dalam Islam;Materi;Video;Part 2 How Self Transformation in Islam Works?;https://youtu.be/Q7bRgEeLPKQ
313;Shafa Muslim Professional Mentorship;Profesionalisme dalam Islam;Materi;Video;Part 3 Masa Depan Seperti Apa yang Diinginkan?;https://youtu.be/8rVdPhX-ogU
314;Shafa Muslim Professional Mentorship;Profesionalisme dalam Islam;Materi;Video;Part 4 Karakter Muslim Profesional;https://youtu.be/RDq_htn5pQs
315;Shafa Muslim Professional Mentorship;Profesionalisme dalam Islam;QnA;Video;Part 5 QnA: Strategi Manajemen Energi dan Waktu;https://youtu.be/eGSWpT4ltZc
316;Shafa Muslim Professional Mentorship;Profesionalisme dalam Islam;QnA;Video;Part 6 QnA: Bahagia Dalam Derita;https://youtu.be/dW8xX1kiTak
317;Shafa Muslim Professional Mentorship;Profesionalisme dalam Islam;QnA;Video;Part 7 QnA: Supaya Senantiasa Percaya Diri;https://youtu.be/jeo41SMnG9Y
318;Shafa Muslim Professional Mentorship;Profesionalisme dalam Islam;QnA;Video;Part 8 QnA: Jadi Karyawan atau Pengusaha?;https://youtu.be/ENCq3lL7-cI
319;Shafa Talks;Becoming a World-Class Muslim Citizen;Materi;Video;Part 1 Intro;https://youtu.be/hPtbgbzpXos
320;Shafa Talks;Becoming a World-Class Muslim Citizen;Materi;Video;Part 2 World-class Muslim vs Akhirat-class Muslim Citizen;https://youtu.be/9Zq-B7EpKRk
321;Shafa Talks;Becoming a World-Class Muslim Citizen;Materi;Video;Part 3 Tantangan atas Iman, Islam, dan Ihsan;https://youtu.be/LDWndrImgN8
322;Shafa Talks;Becoming a World-Class Muslim Citizen;QnA;Video;Part 4 QnA: Karakter Dasar Akhirat-class Muslim;https://youtu.be/0pBtZoNEABY
323;Shafa Talks;Becoming a World-Class Muslim Citizen;QnA;Video;Part 5 QnA: The Liberal Arts of Logic, Grammar, and Rhetoric of Muslim Traditional;https://youtu.be/s3-zlMIJX48
324;Shafa Talks;Becoming a World-Class Muslim Citizen;QnA;Video;Part 6 QnA: Rahasia Terjaganya Prinsip;https://youtu.be/N1twHHcMrms
325;Shafa Talks;Becoming a World-Class Muslim Citizen;QnA;Video;"Part 7 QnA: The Importance of ""Being Bored""";https://youtu.be/vLs59JVtLrw
326;Shafa Talks;Becoming a World-Class Muslim Citizen;QnA;Video;Part 8 QnA: Retrospective Sebab-Akibat;https://youtu.be/cEwQqExJra8
327;Shafa Muslim Professional Mentorship;Aqidah sebagai Obat Mental Health Issue;Materi;Video;Part 1 Kerangka Islam pada Kesehatan Mental dan Persoalan Hidup;https://youtu.be/WC8dKEM4Cc4
328;Shafa Muslim Professional Mentorship;Aqidah sebagai Obat Mental Health Issue;Materi;Video;Part 2 Ketika Aqil dan Baligh Tidak Sinkron;https://youtu.be/mT2fi8kbkWo
329;Shafa Muslim Professional Mentorship;Aqidah sebagai Obat Mental Health Issue;Materi;Video;Part 3 Urgensi Integrasi Jasad, Akal, dan Ruh;https://youtu.be/-fa6Lfsynb4
330;Shafa Muslim Professional Mentorship;Aqidah sebagai Obat Mental Health Issue;Materi;Video;Part 4 Menelisik Sumber Gangguan Mental;https://youtu.be/WEQ4XZHa_1s
331;Shafa Muslim Professional Mentorship;Aqidah sebagai Obat Mental Health Issue;Materi;Video;Part 5 Aqidah dan Implikasinya pada Kesehatan Mental;https://youtu.be/D8INSXvXn3o
332;Shafa Muslim Professional Mentorship;Aqidah sebagai Obat Mental Health Issue;Materi;Video;Part 6 Ciri-ciri Mental Tak Sehat;https://youtu.be/lyAHATUsrsM
333;Shafa Muslim Professional Mentorship;Aqidah sebagai Obat Mental Health Issue;Materi;Video;Part 7 Sehat Mental Dengan Aqidah Kuat;https://youtu.be/xf_BoqDvtDE
334;Shafa Muslim Professional Mentorship;Aqidah sebagai Obat Mental Health Issue;QnA;Video;Part 8 QnA: Cara Mempercepat Kedewasaan Mental;https://youtu.be/mUAGwPCqElg
335;Shafa Muslim Professional Mentorship;Aqidah sebagai Obat Mental Health Issue;QnA;Video;Part 9 QnA: Mental Ingin Serba Instant;https://youtu.be/WFz7TLS4aow
336;Shafa Muslim Professional Mentorship;Mengenal Potensi Diri;Materi;Video;Part 1 Siapa Saya dan Apa Kontribusi Unggul yang Bisa Saya Berikan?;https://youtu.be/HVHoDV3Vf_U
337;Shafa Muslim Professional Mentorship;Mengenal Potensi Diri;Materi;Video;Part 2 Mengenal 34 Jenis Bakat Bagian 1;https://youtu.be/yBzHaU6KgzQ
338;Shafa Muslim Professional Mentorship;Mengenal Potensi Diri;Materi;Video;Part 3 Mengenal 34 Jenis Bakat Bagian 2;https://youtu.be/jooQSI8ZGt4
339;Shafa Muslim Professional Mentorship;Mengenal Potensi Diri;Materi;Video;Part 4 Menelaah Tipe Kekuatan;https://youtu.be/2tCAaiQKSww
340;Shafa Muslim Professional Mentorship;Mengenal Potensi Diri;QnA;Video;Part 5 QnA: Kapan Kita Bisa Full-Power?;https://youtu.be/ZEVO9V5fQsM
341;Shafa Muslim Professional Mentorship;Mengenal Potensi Diri;QnA;Video;Part 6 QnA: Risiko Ketika Tidak Mengikuti Bakat & Potensi;https://youtu.be/RcEkiwCJn_w
342;Shafa Muslim Professional Mentorship;Mengenal Potensi Diri;QnA;Video;Part 7 QnA: Kapan Bisa Dibilang Terlambat Mengambil Langkah?;https://youtu.be/vSM00cGtu28
343;Shafa Muslim Professional Mentorship;Professional Muslimah;Materi;Video;Part 1 Sekilas Profesionalisme;https://youtu.be/F-XDVJyHz5I
344;Shafa Muslim Professional Mentorship;Professional Muslimah;Materi;Video;Part 2 Gunung Es dari Kompetensi;https://youtu.be/V2PErw1iNY8
345;Shafa Muslim Professional Mentorship;Professional Muslimah;Materi;Video;Part 3 The Evolution Helix;https://youtu.be/EHvJKcbQMU4
346;Shafa Muslim Professional Mentorship;Professional Muslimah;Materi;Video;Part 4 Luas/Sempit Levels of Reflection;https://youtu.be/tuF4NnPvcw8
347;Shafa Muslim Professional Mentorship;Professional Muslimah;Materi;Video;Part 5 Seni Menyeimbangkan Aksi, Pikiran, dan Perasaan;https://youtu.be/nmWMdj9-JE0
348;Shafa Muslim Professional Mentorship;Professional Muslimah;QnA;Video;Part 6 QnA: Pernah Gagal Memimpin, Harus Apa?;https://youtu.be/m7IpCPXRrmE
349;Shafa Muslim Professional Mentorship;Professional Muslimah;QnA;Video;Part 7 QnA: Menjalani 7 Slices of Ourselves dengan Ideal;https://youtu.be/xMAHA-B5zUo
350;Shafa Muslim Professional Mentorship;Professional Muslimah;QnA;Video;Part 8 QnA: Muslimah dan Profesionalisme;https://youtu.be/4VoFqwdavF0
351;Shafa Muslim Professional Mentorship;Professional Muslimah;QnA;Video;Part 9 QnA: Parameter Muslimah Berproses;https://youtu.be/QYl-874iuEM
352;Shafa Talks;Skill Set for 21st Century Professional;Materi;Video;Part 1 Too Good to be Ignored Muslim;https://youtu.be/964AzVr6xYc
353;Shafa Talks;Skill Set for 21st Century Professional;Materi;Video;Part 2 Tiga Softskills Penting;https://youtu.be/TlDGvX_mekU
354;Shafa Talks;Skill Set for 21st Century Professional;Materi;Video;Part 3 Belajar Mindset dari Sahabat Rasulullah;https://youtu.be/VZR4Ks1ztT0
355;Shafa Talks;Skill Set for 21st Century Professional;Materi;Video;Part 4 Meniti Proses Akuisisi Skills dan Mindset;https://youtu.be/Kih_UM3h3Ik
356;Shafa Talks;Skill Set for 21st Century Professional;QnA;Video;Part 5 QnA: Ketika Introvert Harus Aktif Komunikasi;https://youtu.be/jTgpbdUCGgI
357;Shafa Talks;Skill Set for 21st Century Professional;QnA;Video;Part 6 QnA: Product Manager Bet Practice;https://youtu.be/98Wm4dcim1w
358;Shafa Muslim Professional Mentorship;Framework Sukses Dunia & Akhirat;Materi;Video;Part 1 Tujuan Dunia vs Tujuan Akhirat;https://youtu.be/-WT6aUXln6E
359;Shafa Muslim Professional Mentorship;Framework Sukses Dunia & Akhirat;Materi;Video;Part 2 Sepenting Apa Resolusi?;https://youtu.be/yk2nea06UaA
360;Shafa Muslim Professional Mentorship;Framework Sukses Dunia & Akhirat;Materi;Video;Part 3 Mengisi Purpose Hidup dalam Islamic Ikigai Canvas;https://youtu.be/NSp-vgNF9-U
361;Shafa Muslim Professional Mentorship;Framework Sukses Dunia & Akhirat;Materi;Video;Part 4 Rumus Sukses #MenangDuniaAkhirat;https://youtu.be/8lYui8rdQhs
362;Shafa Muslim Professional Mentorship;Framework Sukses Dunia & Akhirat;Materi;Video;Part 5 Memaksimalkan Sisi Kiri-Atas Islamic Ikigai;https://youtu.be/wCkNXjBY0kY
363;Shafa Muslim Professional Mentorship;Framework Sukses Dunia & Akhirat;Materi;Video;Part 6 Memaksimalkan Sisi Kanan-Bawah Islamic Ikigai;https://youtu.be/oAvOiZyvOMs
364;Shafa Muslim Professional Mentorship;Framework Sukses Dunia & Akhirat;QnA;Video;Part 7 QnA: Supaya Tujuan Hidup Tidak Abstrak;https://youtu.be/th4m5ynHVDM
365;Shafa Muslim Professional Mentorship;Framework Sukses Dunia & Akhirat;QnA;Video;Part 8 QnA: Bolehkah Punya Purpose Mendirikan Khilafah dan Menjadi Khalifahnya?;https://youtu.be/r23Gwp-5KtE
366;Shafa Muslim Professional Mentorship;The Stage of Career as Professionals;Materi;Video;Part 1 Diskusi Keresahan Karir;https://youtu.be/VyNOfIqknn4
367;Shafa Muslim Professional Mentorship;The Stage of Career as Professionals;Materi;Video;Part 2 Mengenal Narasumber;https://youtu.be/Pzwgt4KyOvM
368;Shafa Muslim Professional Mentorship;The Stage of Career as Professionals;Materi;Video;Part 3 Beda Madzhab Teori Sukses P.I.E;https://youtu.be/TVPyD9EB-2E
369;Shafa Muslim Professional Mentorship;The Stage of Career as Professionals;Materi;Video;Part 4 Yang Urgent di Tiga Tahun Pertama Karir;https://youtu.be/0DUlDXRe5R0
370;Shafa Muslim Professional Mentorship;The Stage of Career as Professionals;Materi;Video;Part 5 QnA: Batasan Konkret dari Legacy;https://youtu.be/Z7BmpzmJUA0
371;Shafa Muslim Professional Mentorship;The Stage of Career as Professionals;Materi;Video;Part 6 Mengenal Konsep PoD;https://youtu.be/H6Hvl_rvHko
372;Shafa Muslim Professional Mentorship;The Stage of Career as Professionals;Materi;Video;Part 7 How to Be Impactful;https://youtu.be/PngHsC7ueqM
373;Shafa Muslim Professional Mentorship;The Stage of Career as Professionals;QnA;Video;Part 8 QnA: Learn How to Unlearn;https://youtu.be/ynH1cNqr3uE
374;Shafa Muslim Professional Mentorship;The Stage of Career as Professionals;QnA;Video;Part 9 QnA: Tujuan Kecil vs Tujuan Besar;https://youtu.be/DImrVovl9Fo
375;Shafa Muslim Professional Mentorship;The Stage of Career as Professionals;QnA;Video;Part 10 QnA: Menemukan Perusahaan Ideal;https://youtu.be/b8uYP7sfDe4
376;Shafa Muslim Professional Mentorship;Career Talks with Industry Expert: Data;Materi;Video;Part 1 Matematika, Fisika, dan Data;https://youtu.be/tRtNXtQALXE
377;Shafa Muslim Professional Mentorship;Career Talks with Industry Expert: Data;Materi;Video;Part 2 Roles in Data Science;https://youtu.be/IGtJhG6gQRI
378;Shafa Muslim Professional Mentorship;Career Talks with Industry Expert: Data;Materi;Video;Part 3 Data Science Expert, Belajar Dari Mana?;https://youtu.be/8ApYGkkJSAg
379;Shafa Muslim Professional Mentorship;Career Talks with Industry Expert: Data;Materi;Video;Part 4 QnA: Fresh Graduate Bisa Jadi Data Scientist?;https://youtu.be/NTSv6mcyCak
380;Shafa Muslim Professional Mentorship;Career Talks with Industry Expert: Data;Materi;Video;Part 5 Kapan Sebuah Organisasi Bisa Disebut Data-driven?;https://youtu.be/FcPMYufTmjg
381;Shafa Muslim Professional Mentorship;Career Talks with Industry Expert: Data;Materi;Video;Part 6 Pendekatan Kepada Sebuah Masalah;https://youtu.be/2VroZNxRkMo
382;Shafa Muslim Professional Mentorship;Career Talks with Industry Expert: Data;Materi;Video;Part 7 How to Work Better with Data;https://youtu.be/yxQCx3eBunQ
383;Shafa Muslim Professional Mentorship;Career Talks with Industry Expert: Data;QnA;Video;Part 8 QnA: Challenge Komunikasi Data;https://youtu.be/onqR43AER2M
384;Shafa Muslim Professional Mentorship;Career Talks with Industry Expert: Data;QnA;Video;Part 9 QnA: How to Utilizing The Data and Making Difference;https://youtu.be/MrsK5IHEBpE
385;Shafa Muslim Professional Mentorship;Career Talks with Industry Expert: Engineering Product Development (EPD);Materi;Video;Part 1 Intro;https://youtu.be/_3FJQ9m3z-4
386;Shafa Muslim Professional Mentorship;Career Talks with Industry Expert: Engineering Product Development (EPD);Materi;Video;Part 2 Dari Sastra Belanda Menjadi UI/UX Designer;https://youtu.be/LVYOXoPhGxY
387;Shafa Muslim Professional Mentorship;Career Talks with Industry Expert: Engineering Product Development (EPD);Materi;Video;Part 3 Day-to-Day as Product Manager;https://youtu.be/wjAwARfuORo
388;Shafa Muslim Professional Mentorship;Career Talks with Industry Expert: Engineering Product Development (EPD);Materi;Video;Part 4 Day-to-Day as UI/UX Designer;https://youtu.be/oRe8W4OtNME
389;Shafa Muslim Professional Mentorship;Career Talks with Industry Expert: Engineering Product Development (EPD);QnA;Video;Part 5 QnA: Ketika Deadline Tidak Masuk Akal;https://youtu.be/qqmolY7R1KU
390;Shafa Muslim Professional Mentorship;Career Talks with Industry Expert: Engineering Product Development (EPD);QnA;Video;Part 6 QnA: Perlukah Domain Expertise?;https://youtu.be/JkBeA680m-8
391;Shafa Muslim Professional Mentorship;Career Talks with Industry Expert: Engineering Product Development (EPD);QnA;Video;Part 7 QnA: Switch Dari Project Manager ke Product Manager;https://youtu.be/Y_lLZX1cSl0
392;Shafa Muslim Professional Mentorship;Career Talks with Industry Expert: Engineering Product Development (EPD);QnA;Video;Part 8 QnA: Lesson Learned as Product Manager & UI/UX Designer;https://youtu.be/i5hbjf6SBGk
393;Shafa Muslim Professional Mentorship;Career Talks with Industry Expert: Business Development;Materi;Video;Part 1 Speakers Introduction;https://youtu.be/uXFEa4JdEa0
394;Shafa Muslim Professional Mentorship;Career Talks with Industry Expert: Business Development;Materi;Video;Part 2 Surah Quraisy dan Business Development;https://youtu.be/S6Q5EtqEQK8
395;Shafa Muslim Professional Mentorship;Career Talks with Industry Expert: Business Development;Materi;Video;Part 3 Indikator Business Development;https://youtu.be/LL6sNbDcTec
396;Shafa Muslim Professional Mentorship;Career Talks with Industry Expert: Business Development;Materi;Video;Part 4 Antara Riset dan Asumsi;https://youtu.be/xiLzGxZfC80
397;Shafa Muslim Professional Mentorship;Career Talks with Industry Expert: Business Development;Materi;Video;Part 5 Validasi Asumsi;https://youtu.be/yZ5-IyD6Nvc
398;Shafa Muslim Professional Mentorship;Career Talks with Industry Expert: Business Development;Materi;Video;Part 6 Siklus Dalam Bisnis;https://youtu.be/7Wfij1D_328
399;Shafa Muslim Professional Mentorship;Career Talks with Industry Expert: Business Development;Materi;Video;Part 7 Bisnis dan Kompetitor;https://youtu.be/Jspe2_bw2I4
400;Shafa Muslim Professional Mentorship;Career Talks with Industry Expert: Business Development;QnA;Video;Part 8 QnA: Prioritas Bisnis dan Sistem Bisnis;https://youtu.be/E4vCn37BiqE
401;Shafa Muslim Professional Mentorship;Career Talks with Industry Expert: Business Development;QnA;Video;Part 9 Bisnis, Keluarga, dan Social Media;https://youtu.be/V0Uj5LIzJks
402;Shafa Muslim Professional Mentorship;Career Talks with Industry Expert: Marketing;Materi;Video;"Part 1 ""Belajar Digital Marketing Itu Ga Penting!""";https://youtu.be/gIoqBdIwJwQ
403;Shafa Muslim Professional Mentorship;Career Talks with Industry Expert: Marketing;Materi;Video;Part 2 Hal-hal Ajaib dari Digital Marketing;https://youtu.be/OX99BV_2Zvg
404;Shafa Muslim Professional Mentorship;Career Talks with Industry Expert: Marketing;Materi;Video;Part 3 Day-to-day as Digital Marketer and Content Creator;https://youtu.be/005U77Jb54I
405;Shafa Muslim Professional Mentorship;Career Talks with Industry Expert: Marketing;Materi;Video;Part 4 Rahasia Followers Bertumbuh;https://youtu.be/SLpLEbJ8HHQ
406;Shafa Muslim Professional Mentorship;Career Talks with Industry Expert: Marketing;Materi;Video;Part 5 How to Start?;https://youtu.be/42bxlpOymno
407;Shafa Muslim Professional Mentorship;Career Talks with Industry Expert: Marketing;Materi;Video;Part 6 Skillset Untuk Jadi Digital Marketer;https://youtu.be/IkxM_SkBJe8
408;Shafa Talks;Konsep Waktu dalam Islam;Materi;Video;Part 1 Intro;https://youtu.be/OyEkW7xCLTU
409;Shafa Talks;Konsep Waktu dalam Islam;Materi;Video;Part 2 Konsep Waktu;https://youtu.be/B9skti25G-o
410;Shafa Talks;Konsep Waktu dalam Islam;Materi;Video;Part 3 Konsep Waktu sebagai Sumber Daya;https://youtu.be/zR7oaR7KDMA
411;Shafa Talks;Konsep Waktu dalam Islam;Materi;Video;Part 4 Waktu sebagai Pinjaman;https://youtu.be/8fMFG4h_Hzs
412;Shafa Talks;Konsep Waktu dalam Islam;Materi;Video;Part 5 Apa Prioritas Kita?;https://youtu.be/milo2Z55-cw
413;Shafa Talks;Deep Work & Produktivitas;Materi;Video;Part 1 Intro;https://youtu.be/MPfGAFGMCM8
414;Shafa Talks;Deep Work & Produktivitas;Materi;Video;Part 2 Produktivitas dalam Sejarah;https://youtu.be/wS21SFWiuJ4
415;Shafa Talks;Deep Work & Produktivitas;Materi;Video;Part 3 Muslim Produktif, bukan cuma sibuk;https://youtu.be/P0BsRMdtq_I
416;Shafa Talks;Deep Work & Produktivitas;Materi;Video;Part 4 Deep Work;https://youtu.be/uP2A5z39FM8
417;Shafa Talks;Deep Work & Produktivitas;Materi;Video;Part 5 Formula High-quality Works;https://youtu.be/vlaD52LWh-k
418;Shafa Talks;High-impact Communication;Materi;Video;Part 1 Intro;https://youtu.be/jQM5H2BGgs8
419;Shafa Talks;Shafa Talks;Materi;Video;Part 2 Langkah 1: Mengurai Apa yang Terjadi (Part 1);https://youtu.be/AjZEZQn0Vtk
420;Shafa Talks;Shafa Talks;Materi;Video;Part 3 Langkah 1: Mengurai Apa yang Terjadi (Part 2);https://youtu.be/Vw5EAuULkb8
421;Shafa Talks;Shafa Talks;Materi;Video;Part 4 Langkah 2: Mengenali & Memperbaiki Kesalahan dalam Pembicaraan (Part 1);https://youtu.be/ZH1dzZN8NZU
422;Shafa Talks;Shafa Talks;Materi;Video;Part 5 Langkah 2: Mengenali dan Memperbaiki Kesalahan dalam Pembicaraan (Part 2);https://youtu.be/VtysjgyA_jE
423;Shafa Talks;Shafa Talks;Materi;Video;Part 6 Review;https://youtu.be/CPVTReGmFCA
424;Shafa Talks;Visionary Life;Materi;Video;Part 1 Intro - Hidup go with the flow atau;https://youtu.be/wYSfvj4y9Bw
425;Shafa Talks;Visionary Life;Materi;Video;Part 2 Menyeimbangkan Direction & Strategy;https://youtu.be/5n3cemm2mhY
426;Shafa Talks;Visionary Life;Materi;Video;Part 3 Visionary Life Canvas;https://youtu.be/2xw0bRG51eg
427;Shafa Talks;Visionary Life;Materi;Video;Part 4 Mengenal Framework S1-S2-S3;https://youtu.be/POgngYg_Tsw
428;Shafa Talks;Visionary Life;Materi;Video;Part 5 Mengenal Misi dan Visi Umum dalam Hidup;https://youtu.be/XiOtL9ScgnQ
429;Shafa Talks;Visionary Life;Materi;Video;Part 6 Insight Penting dalam Menjalani Hidup;https://youtu.be/iXzZh69fbDo
430;Shafa Talks;Persiapan Berkarir di Industri Teknologi;Materi;Video;Part 1 Intro Persiapan Berkarir di Industri Teknologi;https://youtu.be/bSQVMsV_40w
431;Shafa Talks;Persiapan Berkarir di Industri Teknologi;Materi;Video;Part 2 Company Type & Organizational Design;https://youtu.be/_lY33wuQdFg
432;Shafa Talks;Persiapan Berkarir di Industri Teknologi;Materi;Video;Part 3 Organizational Design Example & Career Ladder;https://youtu.be/8dabW3NCYnU
433;Shafa Talks;Persiapan Berkarir di Industri Teknologi;Materi;Video;Part 4 Regularly Invest in Knowing Yourself;https://youtu.be/jesDnPBrKN0
434;Shafa Talks;Persiapan Berkarir di Industri Teknologi;Materi;Video;Part 5 Personal Growth;https://youtu.be/dOIV-jk00w0
435;Shafa Talks;Persiapan Berkarir di Industri Teknologi;Materi;Video;Part 6 Mastering The Future Skills;https://youtu.be/T9TsavX568Y
436;Shafa Talks;Persiapan Berkarir di Industri Teknologi;Materi;Video;Part 7 Trust Equation, Career Framework & 3-Respect;https://youtu.be/uKkFhRXj0sk
437;Shafa Muslim Professional Mentorship;Membangun Istiqomah dan Konsistensi;Materi;Video;Part 1 Mulai dari Akhir;https://youtu.be/1rCva3X9m5c
438;Shafa Muslim Professional Mentorship;Membangun Istiqomah dan Konsistensi;Materi;Video;Part 2 Sebelum Mengadopsi Habit;https://youtu.be/ZFSLxK-ZbvU
439;Shafa Muslim Professional Mentorship;Membangun Istiqomah dan Konsistensi;Materi;Video;Part 3 Formula Pembentuk Habit;https://youtu.be/nb8CgcD3HHo
440;Shafa Muslim Professional Mentorship;Membangun Istiqomah dan Konsistensi;Materi;Video;Part 4 Bagaimana Habit Terbentuk?;https://youtu.be/uWCGMvmsW2w
441;Shafa Muslim Professional Mentorship;Membangun Istiqomah dan Konsistensi;Materi;Video;Part 5 Supaya Habit Bertahan;https://youtu.be/aTF4HeYUrM0
442;Shafa Muslim Professional Mentorship;Membangun Istiqomah dan Konsistensi;QnA;Video;Part 6 QnA: Apakah Framework Habit Hukumnya Wajib?;https://youtu.be/obLtGN5zoFM
443;Shafa Muslim Professional Mentorship;Membangun Istiqomah dan Konsistensi;QnA;Video;Part 7 QnA: Ketika Overwhelmed Karena Tujuan;https://youtu.be/A5OPlMUF8P4
444;Shafa Muslim Professional Mentorship;Mengenal Diri & Personal Values;Materi;Video;Part 1 Siapa Kita Sebenarnya?;https://youtu.be/2k2xaegJY2o
445;Shafa Muslim Professional Mentorship;Mengenal Diri & Personal Values;Materi;Video;Part 2 Supaya Hidup Tidak Tersesat;https://youtu.be/Fzf370bzZEE
446;Shafa Muslim Professional Mentorship;Mengenal Diri & Personal Values;Materi;Video;Part 3 Be Unapologetic About Your Values;https://youtu.be/dMVLxNMPZWQ
447;Shafa Muslim Professional Mentorship;Mengenal Diri & Personal Values;Materi;Video;Part 4 Berendah Hati Dalam Tiap Proses;https://youtu.be/p9KpE0uYZwo
448;Shafa Muslim Professional Mentorship;Mengenal Diri & Personal Values;Materi;Video;Part 5 Mengenal Penghambat Proses;https://youtu.be/tu3kI6a7wp0
449;Shafa Muslim Professional Mentorship;Mengenal Diri & Personal Values;QnA;Video;Part 6 QnA: Ketika Sebagian Value Bertentangan;https://youtu.be/Yuvhwe0Vcrk
450;Shafa Muslim Professional Mentorship;Mengenal Diri & Personal Values;QnA;Video;Part 7 QnA: Langkah Konkret Menemukan Values;https://youtu.be/QHmgC7UC99o
451;Shafa Muslim Professional Mentorship;Mengenal Diri & Personal Values;QnA;Video;Part 8 QnA: When I Lost Myself;https://youtu.be/9gLKCD4s6X4
452;Shafa Muslim Professional Mentorship;Mengenal Diri & Personal Values;QnA;Video;Part 9 QnA: Apakah Generasi Muda Lembek?;https://youtu.be/jhxqVTqPbwM